"","X","Y","time","velocity","fuel"
"1",-4.730585,36.493231,0,5.92283715795746,66.6657892093099
"2",-4.730643,36.493243,4,9.58775260423554,66.6629483937235
"3",-4.730834,36.49326,12,9.21051572932544,66.6595370916015
"4",-4.731064,36.493271,22,9.10189235508768,66.6585257702287
"5",-4.731132,36.493277,25,8.13847103232174,66.6552100968452
"6",-4.731355,36.493258,36,8.11931433719796,66.6531050894244
"7",-4.731497,36.493253,43,10.3247275988457,66.6523402947875
"8",-4.731545,36.493272,45,7.80000000000168,66.6488736281208
"9",-4.731761,36.493362,57,8.00000000140244,66.6485773318245
"10",-4.731777,36.493374,58,7.95110055267095,66.6473993910019
"11",-4.731838,36.493425,62,6.78313085498084,66.6451383473835
"12",-4.731936,36.493542,71,6.63743591722655,66.6421883758648
"13",-4.732061,36.493697,83,5.21536192486386,66.641995214312
"14",-4.732072,36.493704,84,5.99999999991496,66.6417729920898
"15",-4.732084,36.493713,85,6.20894680347569,66.6385535381917
"16",-4.732272,36.493822,99,4.24368812351103,66.6380820172891
"17",-4.732295,36.493844,102,4.30813184433062,66.6379224568504
"18",-4.732299,36.493854,103,4.88262224735433,66.6377416189894
"19",-4.732306,36.493864,104,4.90623186480303,66.6371964821155
"20",-4.732333,36.493889,107,6.11882341628408,66.636516612847
"21",-4.732378,36.493898,110,7.74716157035895,66.6333603618369
"22",-4.732583,36.49384,121,9.41122733755795,66.6298747220822
"23",-4.732802,36.493754,131,9.1760557975698,66.6278355985717
"24",-4.732934,36.493715,137,9.33005894942241,66.6264533676162
"25",-4.733022,36.493684,141,9.3329523732609,66.6247250431026
"26",-4.733135,36.493655,146,9.17806079734648,66.6230254022143
"27",-4.733246,36.493626,151,9.15447674322404,66.6220082381317
"28",-4.733313,36.493611,154,7.38722621226553,66.6187250264818
"29",-4.73353,36.493566,166,7.29931503626843,66.6184546814804
"30",-4.733548,36.493563,167,7.10281634285312,66.6174024123926
"31",-4.733619,36.493561,171,7.20815864283291,66.6155336305223
"32",-4.733745,36.493567,178,7.58478008182748,66.6146908771798
"33",-4.733801,36.493577,181,7.29712272054519,66.6133395581575
"34",-4.733889,36.493601,186,5.46095603505981,66.611923754741
"35",-4.733982,36.493623,193,5.80978484971886,66.6108478686577
"36",-4.734039,36.493668,198,5.20922259072493,66.6098831978076
"37",-4.734083,36.493716,203,3.11589473493954,66.6093061802641
"38",-4.734109,36.493745,208,2.91204395620058,66.6089826198245
"39",-4.734115,36.493766,211,4.1797373220126,66.6068153486205
"40",-4.734191,36.493891,225,3.6769552621236,66.606542981564
"41",-4.734198,36.493908,227,3.34185577211716,66.605924119384
"42",-4.734206,36.493949,232,8.39390254860998,66.6043696929861
"43",-4.734246,36.494046,237,6.9044960798208,66.6015567501388
"44",-4.734322,36.49422,248,6.64830805541061,66.6010642828754
"45",-4.734334,36.494251,250,6.24962221095775,66.5996754779397
"46",-4.734352,36.494343,256,6.22896460093704,66.5969070492281
"47",-4.73437,36.494529,268,6.48828003226456,66.5947442892174
"48",-4.734394,36.494673,277,6.13579660689672,66.5924717719556
"49",-4.734421,36.494824,287,5.10783711584986,66.5917150553458
"50",-4.734441,36.494871,291,7.08395369826553,66.5904032120684
"51",-4.734481,36.49495,296,6.53507459773022,66.5891930130688
"52",-4.734533,36.495013,301,6.34209919679683,66.5877836576917
"53",-4.734586,36.495092,307,6.5838590507693,66.5865644245342
"54",-4.734624,36.495165,312,6.36317530794839,66.5846790392577
"55",-4.734688,36.495275,320,2.86356421268954,66.5838305757873
"56",-4.7347,36.495331,328,3.41875726450521,66.5826909900325
"57",-4.734734,36.4954,337,5.22840303987206,66.5805608999051
"58",-4.734791,36.495532,348,6.07215868625227,66.5798862156066
"59",-4.734798,36.495577,351,5.70788927766389,66.5790406023803
"60",-4.734801,36.495634,355,6.1308871933892,66.5763157636277
"61",-4.734851,36.495811,367,6.18465843825267,66.5753995179331
"62",-4.734875,36.495868,371,5.79124006916688,66.572611143085
"63",-4.734939,36.496045,384,5.67724502835155,66.5719803380819
"64",-4.734946,36.496087,387,5.77934393532539,66.5704819896542
"65",-4.734971,36.496185,394,6.83520299708469,66.5702288339876
"66",-4.734977,36.496201,395,4.97817458741683,66.5691225729682
"67",-4.735003,36.496271,401,5.41365443300985,66.5673180214905
"68",-4.735029,36.49639,410,5.02891638423057,66.5658279721915
"69",-4.735059,36.496486,418,5.26117857513845,66.5648536798628
"70",-4.735069,36.496551,423,2.87221169167897,66.5643217888088
"71",-4.735077,36.496586,428,1.31244047487016,66.563932917557
"72",-4.735085,36.496611,436,3.5933967218316,66.5628682074172
"73",-4.735111,36.496678,444,3.4896672872885,66.5620927257978
"74",-4.735149,36.496714,450,1.35973853706298,66.5616394796187
"75",-4.735155,36.496744,459,2.12033074516805,66.5609327027037
"76",-4.735181,36.496784,468,1.12340590010438,66.5603501959407
"77",-4.735176,36.496823,482,3.91292990063843,66.5593357326331
"78",-4.735143,36.496883,489,3.14841229827354,66.5584028697299
"79",-4.735154,36.496945,497,6.94262198340445,66.5573743331398
"80",-4.735206,36.496991,501,4.88262224619013,66.5570126574178
"81",-4.73522,36.497011,503,3.87585116079994,66.5565820072889
"82",-4.735233,36.497037,506,2.60768096243193,66.5563888457361
"83",-4.735244,36.497044,508,2.59418502007601,66.5557162792494
"84",-4.73525,36.497089,515,2.80317280558462,66.5550933519593
"85",-4.735248,36.497131,521,3.08782996250246,66.5542928034505
"86",-4.73529,36.497165,528,2.35717266558032,66.5528086576981
"87",-4.735296,36.497265,545,2.7206775200034,66.5506925751825
"88",-4.735195,36.497366,566,5.46443043692558,66.5498830299326
"89",-4.735164,36.497411,570,5.59035517710664,66.5471913774399
"90",-4.735123,36.497588,583,3.77705208447667,66.5462121417143
"91",-4.73506,36.497568,590,6.79869268473738,66.545456731416
"92",-4.735022,36.497602,593,8.54400374453668,66.5448238422497
"93",-4.73501,36.497643,595,0.803990049943455,66.5446749552034
"94",-4.735009,36.497653,600,1.75815933871555,66.5438284340404
"95",-4.734978,36.497701,613,3.59999999991108,66.5430284340404
"96",-4.734978,36.497755,619,3.88739459460773,66.5420205909973
"97",-4.734976,36.497823,626,6.15719994086608,66.5406523243438
"98",-4.735007,36.49791,632,8.9492395706365,66.5396579643915
"99",-4.735066,36.497942,635,12.0993222950135,66.5374173491517
"100",-4.735211,36.497985,640,11.1610108532425,66.5345237537453
"101",-4.735404,36.498015,647,10.7229993960825,66.5309494206133
"102",-4.735643,36.498048,656,9.90782207507207,66.5276468132549
"103",-4.735863,36.498012,665,10.0498756211293,66.5261579427925
"104",-4.735963,36.498002,669,11.4236596588007,66.5227731547455
"105",-4.736173,36.498092,677,15.8644256123869,66.5221855834265
"106",-4.736206,36.498114,678,9.68939855943735,66.5200323837466
"107",-4.736326,36.498032,684,3.59382185937863,66.5192337566668
"108",-4.736367,36.497997,690,4.66904701236542,66.5188879013325
"109",-4.73635,36.498013,692,6.53911308987843,66.5184035225851
"110",-4.73638,36.498026,694,8.5398412684102,66.516505780081
"111",-4.736505,36.498054,700,6.11855658571841,66.5149194876329
"112",-4.736566,36.498142,707,5.8310918919116,66.5134077230683
"113",-4.736569,36.498244,714,4.77120995591048,66.5123474541892
"114",-4.736578,36.498315,720,4.66714283291021,66.5113103113375
"115",-4.736577,36.498385,726,4.2670833130845,66.5105201107239
"116",-4.736571,36.498438,731,4.61644938658103,66.5089812942617
"117",-4.736529,36.498533,740,4.67350325253411,66.5077696452703
"118",-4.736512,36.498613,747,4.15799096802118,66.5068456472774
"119",-4.736499,36.498674,753,4.2670833130845,66.5060554466639
"120",-4.736493,36.498727,758,3.8209946347887,66.5052063367451
"121",-4.736487,36.498784,764,2.9697137908369,66.5046563897468
"122",-4.73649,36.498821,769,3.29848450095518,66.5044120575615
"123",-4.736494,36.498837,771,3.46695155501919,66.5032564070432
"124",-4.736495,36.498915,780,5.49181208765902,66.5028496061478
"125",-4.73649,36.498942,782,4.90407993380499,66.5021230757872
"126",-4.736492,36.498991,786,4.08078423885356,66.5013673750022
"127",-4.736493,36.499042,791,4.15799096755789,66.5004433770095
"128",-4.73648,36.499103,797,4.43547848478512,66.499293438143
"129",-4.73646,36.499178,804,4.61762373730254,66.4980962764334
"130",-4.736443,36.499257,811,4.44775224120702,66.4967784239174
"131",-4.73643,36.499345,819,4.84770532462513,66.4951625221426
"132",-4.736434,36.499454,828,5.55697759586498,66.4924869403372
"133",-4.73641,36.499633,841,6.53877324530756,66.4895808188948
"134",-4.736418,36.499829,853,7.38972259305988,66.4868438846011
"135",-4.736339,36.499996,863,7.21110255081264,66.4865768067288
"136",-4.736333,36.500013,864,6.7532667332269,66.4838254758375
"137",-4.736256,36.500182,875,7.41027814738221,66.4805320188831
"138",-4.736051,36.500268,887,7.80256368119339,66.4793760835229
"139",-4.735973,36.50027,891,7.3992432045896,66.4766356230768
"140",-4.73579,36.500297,901,8.61041230131583,66.4734465814837
"141",-4.735594,36.500386,911,8.0169265379291,66.4716650422531
"142",-4.735519,36.50048,917,7.58609253814551,66.46885537835
"143",-4.735431,36.500648,927,6.7314673782103,66.4671101831038
"144",-4.73536,36.500742,934,5.99999999995049,66.466221294215
"145",-4.735324,36.50079,938,5.77388757912998,66.4649382080863
"146",-4.735279,36.500864,944,5.74543296867364,66.4640870328316
"147",-4.735249,36.500913,948,5.44764169158915,66.4630782102962
"148",-4.735215,36.500972,953,5.34872778258135,66.4618896041222
"149",-4.735184,36.501046,959,5.79484658222112,66.4599579885948
"150",-4.735098,36.501144,968,6.60235648183859,66.4577572031009
"151",-4.73499,36.501246,977,6.36796717297744,66.4546911448324
"152",-4.734854,36.501402,990,6.94784139145665,66.4526325251609
"153",-4.734739,36.50148,998,6.82999918662499,66.4495969699668
"154",-4.734611,36.50164,1010,6.62987179325913,66.4483692159311
"155",-4.734583,36.501718,1015,5.29056929436667,66.4466056928329
"156",-4.73454,36.501829,1024,5.38516480729348,66.4458078906392
"157",-4.73452,36.501879,1028,4.47461978490803,66.4448135306871
"158",-4.734492,36.50194,1034,4.8671232663489,66.443731947739
"159",-4.734463,36.502007,1040,3.26435292221323,66.4431274379386
"160",-4.734439,36.50204,1045,2.38662942235215,66.442685469527
"161",-4.73442,36.502063,1050,2.50798724070478,66.4423139158617
"162",-4.73441,36.502086,1054,4.83321838969197,66.4417768915962
"163",-4.734425,36.502119,1057,3.05286750497966,66.4415507532625
"164",-4.734417,36.502132,1059,2.87593817859892,66.4408051396606
"165",-4.734384,36.50217,1066,4.48326376425857,66.4379823439572
"166",-4.734311,36.502346,1083,5.69385633792362,66.4371388096849
"167",-4.734282,36.502395,1087,7.37384253423559,66.4341346516154
"168",-4.734206,36.502583,1098,8.06225774814316,66.4335374473378
"169",-4.73419,36.50262,1100,7.79186026682652,66.4309401605822
"170",-4.73411,36.502776,1109,7.28538262559825,66.4282418707208
"171",-4.734117,36.502958,1119,6.87331426453017,66.426459900356
"172",-4.734205,36.50304,1126,7.3286287939,66.4251027468756
"173",-4.734279,36.503094,1131,6.41387385115587,66.4236774415754
"174",-4.734345,36.503164,1137,5.28741903025718,66.4217191382308
"175",-4.734378,36.503292,1147,4.6809305814931,66.4206789314349
"176",-4.734391,36.503361,1153,4.87761325987482,66.4195950173772
"177",-4.734378,36.503433,1159,5.51480382476397,66.4181652534226
"178",-4.734361,36.503528,1166,6.0080604294211,66.4161625666128
"179",-4.734368,36.503663,1175,6.43471487736336,66.413302693334
"180",-4.734396,36.503854,1187,6.76842450262954,66.4105451870551
"181",-4.73443,36.504037,1198,6.72137333467289,66.4078068497706
"182",-4.734456,36.50422,1209,6.23573928633325,66.4050354100878
"183",-4.734476,36.504406,1221,5.69758720835918,66.4033472361001
"184",-4.734497,36.504518,1229,6.4660652642284,66.4023893005054
"185",-4.734538,36.504568,1233,6.29559908990026,66.4002907674755
"186",-4.734649,36.504656,1242,6.06952911482859,66.3987171858531
"187",-4.734728,36.504727,1249,4.95176736132393,66.3983503882708
"188",-4.734746,36.504744,1251,6.14292727903656,66.395620198369
"189",-4.734885,36.504865,1263,5.92030404611291,66.3938660342072
"190",-4.734979,36.504937,1271,8.5161493647574,66.39228896951
"191",-4.735075,36.504983,1276,7.46495516093709,66.3889712116607
"192",-4.735283,36.505066,1288,7.64852927040154,66.3855718653183
"193",-4.735508,36.505111,1300,6.58502088076152,66.3836207480203
"194",-4.735636,36.505142,1308,7.11461534301467,66.3801951924848
"195",-4.735857,36.50521,1321,6.08543342751601,66.3783921010988
"196",-4.735964,36.505268,1329,5.8356147918576,66.3773114316929
"197",-4.736025,36.505308,1334,5.13116837481707,66.3767413018735
"198",-4.73606,36.505324,1337,5.17773009048765,66.3761659985301
"199",-4.736092,36.505346,1340,3.93954312020497,66.3758741805212
"200",-4.73611,36.505354,1342,4.90407993410563,66.3751476501606
"201",-4.736156,36.505371,1346,4.58519356192868,66.3742985402417
"202",-4.736195,36.505413,1351,3.14677965900159,66.3739488980574
"203",-4.736214,36.505427,1354,3.66196668491909,66.3734063844744
"204",-4.736244,36.505448,1358,3.04119859407061,66.3727305625647
"205",-4.736285,36.505468,1364,3.47056191422814,66.3720878659139
"206",-4.736324,36.505487,1369,2.51644590639847,66.371342252312
"207",-4.736371,36.505505,1377,0.879519027077854,66.3709839297454
"208",-4.736395,36.505508,1388,0.383211111649875,66.3704304025841
"209",-4.736385,36.505472,1427,0.42961300365624,66.3683459839367
"210",-4.736399,36.505612,1558,4.30400330438532,66.3678677613474
"211",-4.73639,36.505643,1561,4.01995024830324,66.3675699872549
"212",-4.736388,36.505663,1563,3.80000000035352,66.3672885057734
"213",-4.736388,36.505682,1565,3.98404983146552,66.3662556039652
"214",-4.736398,36.505751,1572,2.51793566247965,66.3658825764597
"215",-4.736401,36.505776,1576,2.71999999995387,66.365378872756
"216",-4.736401,36.50581,1581,2.52982212867556,66.3650977814084
"217",-4.736407,36.505828,1584,0.894427191042318,66.3649321467434
"218",-4.736405,36.505839,1589,2.0157405278828,66.364260233234
"219",-4.736416,36.505883,1598,3.30151480403898,66.3637711199298
"220",-4.736417,36.505916,1602,2.82842712476472,66.3635616068094
"221",-4.736419,36.50593,1604,2.15406592348475,66.3634020463706
"222",-4.736423,36.50594,1606,2.43515913223977,66.3630412820547
"223",-4.736431,36.505963,1610,1.8012341445334,66.3626410078004
"224",-4.736432,36.50599,1616,1.82482875951976,66.362370662799
"225",-4.736435,36.506008,1620,1.97427905251952,66.3619319341206
"226",-4.736441,36.506037,1626,1.21061967585079,66.3617077452918
"227",-4.736439,36.506052,1631,0.533333333881577,66.3616484860325
"228",-4.736439,36.506056,1634,1.35536887720219,66.3605441113918
"229",-4.736448,36.50613,1656,3.20399750300025,66.3599507785208
"230",-4.736446,36.50617,1661,2.40133296336221,66.3595060872313
"231",-4.736445,36.5062,1666,2.74631065674654,66.3588957959743
"232",-4.736449,36.506241,1672,2.65413723125762,66.3583059877006
"233",-4.736441,36.50628,1678,2.65413723172166,66.3577161794269
"234",-4.736449,36.506319,1684,2.41476937072983,66.3574478717191
"235",-4.736451,36.506337,1687,2.35287058719125,66.3570121549437
"236",-4.736442,36.506365,1692,2.23149990720825,66.3564336179307
"237",-4.736433,36.506403,1699,2.97724705046256,66.3558822758843
"238",-4.736429,36.50644,1704,2.71646829557174,66.3553792262
"239",-4.736421,36.506473,1709,1.84173830921791,66.3550381635501
"240",-4.736422,36.506496,1714,1.49071198509171,66.3548725288851
"241",-4.73642,36.506507,1717,2.14799384343224,66.3543156415924
"242",-4.736402,36.50654,1724,2.07537948328104,66.3539313120584
"243",-4.73639,36.506563,1729,2.63849060114226,66.3532472589396
"244",-4.736386,36.506609,1736,1.66107906928266,66.3528166088105
"245",-4.736384,36.506638,1743,3.07192686954819,66.3520201833258
"246",-4.736375,36.506691,1750,3.29848450062009,66.3509206884923
"247",-4.736357,36.506763,1759,3.30643312345711,66.3499410046039
"248",-4.736334,36.506825,1767,3.12618956971874,66.3491305110117
"249",-4.736317,36.506877,1774,3.00813711241561,66.3484620360978
"250",-4.736307,36.506921,1780,3.39484903941933,66.347456154901
"251",-4.736296,36.506988,1788,3.54838278759794,66.3465362038079
"252",-4.73628,36.507048,1795,4.17382318736692,66.345763273588
"253",-4.736269,36.507099,1800,5.3957019937454,66.3447640695151
"254",-4.736251,36.507164,1805,4.12310562530647,66.3441532390521
"255",-4.736235,36.507202,1809,3.59026461457892,66.3436213479981
"256",-4.736227,36.507237,1813,3.34185577155925,66.3430024858182
"257",-4.736219,36.507278,1818,2.68741924938105,66.3424052815405
"258",-4.736203,36.507315,1824,2.10237960430042,66.3420938178954
"259",-4.736194,36.507334,1828,2.73056770638683,66.3415881572091
"260",-4.736176,36.507363,1833,3.66196668493365,66.3410456436261
"261",-4.736155,36.507393,1837,1.55241746957982,66.3408156558529
"262",-4.73614,36.507397,1841,0.85374989846221,66.340720794753
"263",-4.736136,36.507402,1844,1.60822883948803,66.3395295141312
"264",-4.736107,36.507477,1864,2.55248898106906,66.3390568309865
"265",-4.73609,36.507504,1869,1.79381654008062,66.3388575180376
"266",-4.73608,36.507513,1872,1.01739964633818,66.3385937477589
"267",-4.736066,36.507524,1879,1.48808601902334,66.3377670333039
"268",-4.736033,36.507569,1894,2.03960780585319,66.3373893281547
"269",-4.736022,36.507592,1899,2.71999999968637,66.3368856244511
"270",-4.736006,36.507622,1904,2.72946881308815,66.336481258701
"271",-4.735993,36.507646,1908,0.943398113290453,66.3363414960175
"272",-4.735988,36.507654,1912,3.80131556168517,66.3357783381565
"273",-4.735971,36.507688,1916,2.64007575625565,66.3353872158223
"274",-4.735955,36.507709,1920,2.15406592274059,66.3349883147255
"275",-4.735941,36.507732,1925,1.56524758427004,66.3347564261944
"276",-4.735934,36.507746,1929,2.33333333350553,66.3342379076759
"277",-4.735906,36.507767,1935,2.22011010740006,66.3337445498743
"278",-4.735884,36.507792,1941,2.83746365603868,66.3332190936417
"279",-4.735851,36.507805,1946,2.82999803694257,66.332590205189
"280",-4.73581,36.507816,1952,2.41859463329489,66.332142317294
"281",-4.735793,36.507841,1957,3.26121994891801,66.3314176017497
"282",-4.735761,36.507878,1963,2.93636207272499,66.3310913392972
"283",-4.735747,36.507895,1966,2.50943897131683,66.3302548596401
"284",-4.735695,36.507917,1975,3.47690794945057,66.3294822134291
"285",-4.735651,36.507945,1981,3.92237173147377,66.3283200292124
"286",-4.735574,36.50796,1989,4.47213595514804,66.3281543945474
"287",-4.735564,36.507965,1990,4.66476151607131,66.3274633187672
"288",-4.735524,36.507989,1994,4.61644938652478,66.325924502305
"289",-4.735429,36.508031,2003,5.74275195349828,66.324861029721
"290",-4.735361,36.508054,2008,5.93670316286229,66.3235417623515
"291",-4.73528,36.508091,2014,4.40672213789599,66.3219096430412
"292",-4.735179,36.508135,2024,4.48642396558255,66.3210788237883
"293",-4.735131,36.508164,2029,4.60531094391853,66.3205671225723
"294",-4.735099,36.508177,2032,3.84707681215169,66.3202821539196
"295",-4.735082,36.508186,2034,4.29418211034903,66.3199640663558
"296",-4.735063,36.508196,2036,4.75394572957138,66.3196119222277
"297",-4.735041,36.508205,2038,4.50826401678276,66.3186100857796
"298",-4.734979,36.508232,2044,3.41760149814732,66.3184835079463
"299",-4.734971,36.508229,2045,3.16929715320203,66.3181313638182
"300",-4.734962,36.508207,2048,3.51820661400298,66.3173495401262
"301",-4.734938,36.50816,2054,1.20415945839421,66.3171711461323
"302",-4.734937,36.508172,2058,0.107749604755334,66.317003535636
"303",-4.734945,36.50818,2100,1.33632996587505,66.3155187245628
"304",-4.734903,36.508271,2130,4.65295604931624,66.3148293977407
"305",-4.734881,36.508312,2134,5.37483849923508,66.314232193463
"306",-4.734846,36.508332,2137,5.65459105490857,66.3131850469714
"307",-4.734782,36.508362,2142,2.28254244214544,66.3128468925355
"308",-4.734762,36.508373,2146,1.34527981395189,66.3113521371867
"309",-4.734684,36.508437,2176,8.50411665010641,66.3110371699033
"310",-4.734668,36.508451,2177,8.35011643304446,66.3101093791885
"311",-4.734619,36.50849,2180,6.69829534240403,66.3078766140744
"312",-4.734552,36.508625,2189,6.79999999988468,66.3076247622225
"313",-4.734552,36.508642,2190,6.20322496768769,66.306705765931
"314",-4.734554,36.508704,2194,7.09804354906568,66.3059170944256
"315",-4.734559,36.508757,2197,7.65709547462223,66.3050663060395
"316",-4.734566,36.508814,2200,7.79333048163135,66.3036230966911
"317",-4.734557,36.508911,2205,10.4479663100233,66.3028491732607
"318",-4.734552,36.508963,2207,11.6841773343257,66.3019836786433
"319",-4.734545,36.509021,2209,11.8786456395763,66.3006638291278
"320",-4.734541,36.50911,2212,6.64830805535361,66.2991864273378
"321",-4.734553,36.509209,2218,0.843274042492399,66.2990927302219
"322",-4.734559,36.509207,2221,0.472450925124742,66.2989352465802
"323",-4.734567,36.5092,2230,2.74182421031117,66.2969042656837
"324",-4.734572,36.509337,2250,4.47651467916611,66.2957436878039
"325",-4.734648,36.509356,2257,4.43765703965954,66.2949218994632
"326",-4.734697,36.509382,2262,3.4896672872885,66.2945341586535
"327",-4.734716,36.5094,2265,2.88500698547697,66.2937861938795
"328",-4.734766,36.509407,2272,3.35410196637692,66.2932892898845
"329",-4.734799,36.509401,2276,2.94108823393772,66.2928535731091
"330",-4.734823,36.509384,2280,1.67066187828178,66.2926679440115
"331",-4.734829,36.509373,2283,2.33428551996763,66.292149213896
"332",-4.734864,36.509372,2289,3.99999999999068,66.2914084731552
"333",-4.734914,36.509372,2294,4.58209074072244,66.2908993519618
"334",-4.734948,36.509367,2297,4.68187996476016,66.2907259490001
"335",-4.734959,36.509371,2298,3.04630924230488,66.2906131227319
"336",-4.734966,36.509368,2299,2.5051058970524,66.2903347776323
"337",-4.734958,36.509351,2302,2.99629400731938,66.2900018560759
"338",-4.734979,36.509343,2305,4.31740662911079,66.2896820481774
"339",-4.735,36.509338,2307,4.68187996378886,66.2895086452158
"340",-4.735011,36.509334,2308,3.69744656665797,66.2890978178195
"341",-4.735036,36.509322,2311,5.57853027226159,66.2886845933549
"342",-4.735063,36.509315,2313,6.11882341605183,66.2884579702654
"343",-4.735078,36.509312,2314,8.15843122184371,66.2872493137881
"344",-4.735158,36.509296,2318,8.63481325771962,66.2866096979912
"345",-4.7352,36.509286,2320,8.18671009773063,66.2857000635359
"346",-4.735261,36.509279,2323,6.15647806953711,66.2850160104171
"347",-4.735307,36.509275,2326,6.91230786355394,66.2839919648077
"348",-4.735374,36.509258,2330,7.42847374781558,66.2831665788357
"349",-4.735426,36.509238,2333,8.48004192873405,66.2822243519547
"350",-4.735487,36.50922,2336,9.67470929785639,66.2815077068216
"351",-4.735535,36.509226,2338,8.68849814422,66.2802205219113
"352",-4.73562,36.509244,2342,5.44058820399345,66.2800190186445
"353",-4.735633,36.50924,2343,6.08276253035413,66.2795684436422
"354",-4.73566,36.509226,2345,6.98569967854863,66.2782747955536
"355",-4.735736,36.509183,2350,6.20250845304181,66.2775856279477
"356",-4.735778,36.509163,2353,5.32081865062993,66.2764032238031
"357",-4.735841,36.509114,2359,7.73333333272368,66.2755439645439
"358",-4.735881,36.509072,2362,9.76933979346857,66.2748203097444
"359",-4.7359,36.509027,2364,7.62364742172981,66.2742555951206
"360",-4.735897,36.508989,2366,6.99714227290362,66.2739964417031
"361",-4.735888,36.508974,2367,7.12179752590371,66.2737326714244
"362",-4.735877,36.50896,2368,7.29931503807902,66.2734623264229
"363",-4.735874,36.508942,2369,5.73846669401167,66.272612183209
"364",-4.735912,36.508899,2373,4.04474968324334,66.2723125721214
"365",-4.735932,36.508896,2375,4.93333333319714,66.2717644239732
"366",-4.735967,36.508884,2378,4.17612260353543,66.2714550815582
"367",-4.735987,36.508878,2380,4.01621712569055,66.2708600864284
"368",-4.736025,36.508865,2384,6.99999999966394,66.2703415679099
"369",-4.736053,36.508844,2386,7.06792441691818,66.2695562429747
"370",-4.736084,36.508801,2389,7.83849317838914,66.2669434119152
"371",-4.736245,36.508729,2398,10.1637788250295,66.2650612306514
"372",-4.73636,36.508675,2403,10.2939302503707,66.2620111772438
"373",-4.736565,36.508694,2411,8.87981981795305,66.258722355089
"374",-4.736776,36.508625,2421,10.495713411031,66.2579448948364
"375",-4.736821,36.508598,2423,8.39440978882985,66.2545249501076
"376",-4.73704,36.508525,2434,7.88923316842971,66.2542327562865
"377",-4.737057,36.508515,2435,7.90746482779569,66.2527684109481
"378",-4.737146,36.508472,2440,9.28463485777645,66.2517367848528
"379",-4.737203,36.508432,2443,8.96908269804408,66.2507402201085
"380",-4.737253,36.508387,2446,6.69460811202105,66.2499963747627
"381",-4.737289,36.508352,2449,7.48131004574028,66.2488880325337
"382",-4.737335,36.508293,2453,3.82099463526599,66.2486049958941
"383",-4.737337,36.508274,2455,2.03960780607058,66.2485294548642
"384",-4.737336,36.508269,2456,6.75088142402844,66.2472792916376
"385",-4.737391,36.508205,2461,9.54521404213883,66.2462187122996
"386",-4.737454,36.508171,2464,10.567875850587,66.2450445038717
"387",-4.737523,36.508132,2467,11.3102829319615,66.2416933089289
"388",-4.737703,36.507995,2475,9.76079332951166,66.2384397111524
"389",-4.737877,36.507861,2484,7.49999999996476,66.2373286000413
"390",-4.737937,36.507816,2488,7.06823881863572,66.2362814535497
"391",-4.738001,36.507786,2492,6.86804193355902,66.2352639658558
"392",-4.738067,36.507767,2496,7.29756123645514,66.2339125656268
"393",-4.738156,36.507747,2501,6.46219776862023,66.2327158623363
"394",-4.738231,36.507717,2506,7.33484832837629,66.2310858960411
"395",-4.73833,36.507669,2512,8.22043412414585,66.2277368302868
"396",-4.73855,36.507617,2523,7.08590149523426,66.2266870671024
"397",-4.73862,36.507606,2527,7.04181794708594,66.2253830267418
"398",-4.738708,36.507604,2532,6.82088296667458,66.2246251508566
"399",-4.738759,36.5076,2535,7.70165927284592,66.2229136710182
"400",-4.738874,36.507589,2541,8.67589252535623,66.2219496829598
"401",-4.738939,36.507586,2544,8.63481325813517,66.220670451366
"402",-4.739023,36.507566,2548,9.02299285155074,66.2189995267639
"403",-4.739134,36.507546,2553,7.7317527120745,66.2178540819177
"404",-4.739211,36.507553,2557,5.9404451759041,66.2171940324537
"405",-4.739255,36.50756,2560,2.26666666662823,66.2169421806018
"406",-4.739272,36.50756,2563,2.80178514526096,66.216527101321
"407",-4.739273,36.507588,2567,6.20035841263564,66.215149243896
"408",-4.739362,36.507615,2573,8.79595866806494,66.2141719151551
"409",-4.739426,36.507631,2576,7.19135283202878,66.2133728759515
"410",-4.739479,36.507641,2579,7.78945155686178,66.2125073813341
"411",-4.739537,36.507648,2582,8.63999999999976,66.2109073813341
"412",-4.739645,36.507648,2587,8.40105813439702,66.2099739304303
"413",-4.739708,36.507649,2590,9.76615470778538,66.2088888021294
"414",-4.739781,36.507643,2593,10.7870292481749,66.2072907237223
"415",-4.739887,36.507623,2597,11.5520560940237,66.203867892287
"416",-4.740113,36.507575,2605,7.28508041782797,66.2008998965612
"417",-4.740307,36.507525,2616,5.92283715795746,66.2000224392045
"418",-4.740365,36.507513,2620,6.95665882745878,66.19821886099
"419",-4.740476,36.507463,2627,6.88186021362737,66.1954151401622
"420",-4.74063,36.507353,2638,5.93942758181544,66.1943152461656
"421",-4.740704,36.507359,2643,4.23792402034884,66.1940013258678
"422",-4.740724,36.507352,2645,1.84390889144657,66.193864740024
"423",-4.740733,36.507354,2647,0.304138126469813,66.1937746250235
"424",-4.740734,36.50736,2655,1.10679718112938,66.193446685118
"425",-4.740755,36.507367,2663,2.35051872394576,66.1926631788767
"426",-4.740806,36.507381,2672,2.6172504656632,66.192275438067
"427",-4.740832,36.507384,2676,1.11803398876318,66.191944168737
"428",-4.740854,36.50738,2684,2.78280434097764,66.1914288345998
"429",-4.740887,36.507391,2689,1.00239712683864,66.1912432055022
"430",-4.740898,36.507385,2694,1.80979885648685,66.1905058800421
"431",-4.740944,36.507404,2705,3.06956384887913,66.1898237547424
"432",-4.74099,36.507402,2711,3.43656805554183,66.189314633549
"433",-4.741024,36.507407,2715,2.74873708392827,66.1890092183174
"434",-4.74104,36.50742,2718,1.21655250608368,66.1888289883165
"435",-4.741052,36.507418,2722,1.91111111110192,66.1881919512795
"436",-4.741095,36.507418,2731,2.93409081135039,66.1875399310992
"437",-4.741139,36.507417,2737,1.49071198504935,66.1873742964342
"438",-4.741149,36.507422,2740,3.42344855371897,66.1866135300889
"439",-4.7412,36.507416,2746,2.15870331455539,66.1862937221905
"440",-4.741221,36.507411,2750,2.43310501205054,66.1859332621887
"441",-4.741245,36.507407,2754,4.29534631887612,66.1852969145859
"442",-4.741284,36.507389,2758,6.31506136175202,66.1848291322628
"443",-4.741315,36.507383,2760,9.41488183666914,66.1837830342809
"444",-4.741384,36.507368,2763,8.86541344530058,66.1827979883426
"445",-4.741449,36.507354,2766,8.60232526698954,66.1821607790636
"446",-4.741492,36.507355,2768,9.01997782703203,66.1814926325578
"447",-4.741537,36.507352,2770,9.65631629761551,66.1804197085248
"448",-4.741606,36.50733,2773,10.1867015706388,66.1792878527947
"449",-4.74168,36.507311,2776,10.7538106941011,66.1768981170849
"450",-4.741834,36.507263,2782,10.6769283973069,66.1749209081224
"451",-4.74196,36.507219,2787,10.0131163979312,66.1719540588194
"452",-4.742107,36.507083,2795,8.7505714099425,66.1693612969201
"453",-4.742252,36.506985,2803,8.22192191640739,66.168143234414
"454",-4.74233,36.506959,2807,4.19761837237216,66.1675213650255
"455",-4.742371,36.50695,2811,2.43310501240098,66.167431250025
"456",-4.742377,36.506949,2812,1.33998341616,66.1672823629788
"457",-4.742387,36.50695,2815,3.11269800801534,66.1662447969761
"458",-4.742456,36.506938,2824,2.82842712463911,66.1661400404159
"459",-4.742463,36.506937,2825,3.68781778306655,66.1658668687283
"460",-4.742481,36.506933,2827,3.22490309928546,66.1657474278728
"461",-4.742489,36.506932,2828,2.80178514525145,66.165332348592
"462",-4.742517,36.506931,2832,2.71646829538132,66.1648292989077
"463",-4.74255,36.506923,2837,2.65664784598407,66.1645341158137
"464",-4.742569,36.506917,2840,2.04839409474849,66.164003050678
"465",-4.742602,36.506903,2847,3.74284502609907,66.1635871790084
"466",-4.74263,36.506905,2850,3.31058907181554,66.1633419501883
"467",-4.742645,36.506898,2852,4.4820630169951,66.1628439431864
"468",-4.742674,36.506881,2855,2.84604989412806,66.1624223061651
"469",-4.742701,36.506872,2859,2.05804653876849,66.1619649624898
"470",-4.742729,36.506859,2865,5.09556670047985,66.1610213390267
"471",-4.742788,36.506835,2870,8.97385090137423,66.1596918796339
"472",-4.742875,36.506813,2874,9.74793425418601,66.1586087758279
"473",-4.742948,36.506809,2877,9.20869154654866,66.1572445252284
"474",-4.74304,36.506813,2881,10.2091704116279,66.1538414684245
"475",-4.743269,36.506831,2890,8.95345991471596,66.1518518106657
"476",-4.743403,36.50684,2896,9.43660956071954,66.1501042903767
"477",-4.74352,36.506855,2901,8.94930164869089,66.1487784679102
"478",-4.743605,36.506883,2905,9.68103816748432,66.1459100121569
"479",-4.743797,36.506908,2913,9.42809041574842,66.1448624465551
"480",-4.743867,36.506918,2916,7.01141925720815,66.1438237177763
"481",-4.743937,36.506922,2920,4.67855628251415,66.1427840386024
"482",-4.744007,36.506927,2926,5.10098029795404,66.1420283378175
"483",-4.744058,36.506928,2930,4.70956473575882,66.1413306245233
"484",-4.744105,36.506925,2934,5.30377224239291,66.1405448804874
"485",-4.744158,36.506927,2938,3.92937654059513,66.1402538155585
"486",-4.744177,36.506922,2940,3.0594117082001,66.140027192469
"487",-4.744192,36.506919,2942,2.9732137491265,66.1398069544135
"488",-4.744206,36.506924,2944,3.62215405525123,66.1396728005596
"489",-4.744215,36.506925,2945,4.53382350295088,66.1386652842256
"490",-4.744283,36.506926,2951,3.62215405515969,66.1382628226639
"491",-4.74431,36.506923,2954,2.47095123376128,66.1378052391021
"492",-4.744337,36.506938,2959,2.76342961020708,66.1368840958987
"493",-4.744392,36.506967,2968,2.60768096215945,66.136690934346
"494",-4.744405,36.506966,2970,2.71947707392468,66.1363887702266
"495",-4.744425,36.50697,2973,3.61773409752671,66.1357188194678
"496",-4.744468,36.506984,2978,3.45392530308785,66.135079203671
"497",-4.74451,36.506994,2983,2.67996683234356,66.1347814295785
"498",-4.74453,36.506992,2986,2.40133296314206,66.134336738289
"499",-4.74456,36.506991,2991,2.32000000004007,66.1339071086594
"500",-4.744589,36.506991,2996,3.84333188780377,66.133195380532
"501",-4.744637,36.506989,3001,2.15406592278809,66.1327964794352
"502",-4.744663,36.506982,3006,2.50567356208723,66.1323324658126
"503",-4.744693,36.506973,3011,4.19752307944594,66.1315551467238
"504",-4.7447,36.506921,3016,4.01277958540529,66.1308120393932
"505",-4.744696,36.506871,3021,4.58209074057082,66.1303029181998
"506",-4.744691,36.506837,3024,4.98124482424176,66.1293804654545
"507",-4.744722,36.506783,3029,3.88329756779255,66.1290928137828
"508",-4.744738,36.506772,3031,3.53836120234241,66.128830712953
"509",-4.744751,36.50676,3033,3.34398298785663,66.1284591592877
"510",-4.744774,36.50675,3036,6.20966987831927,66.1279991837412
"511",-4.744804,36.506742,3038,3.71902018163085,66.1275859592766
"512",-4.744831,36.506735,3041,4.83321838993699,66.127406951188
"513",-4.744842,36.50673,3042,1.34164078644908,66.127307570389
"514",-4.744848,36.506733,3044,6.24962221079605,66.1266131679212
"515",-4.744894,36.506724,3047,5.41479454816972,66.1262120720287
"516",-4.744921,36.506726,3049,4.93513480618907,66.1256637237169
"517",-4.744958,36.506725,3052,3.4058772732754,66.1254114365115
"518",-4.744975,36.506726,3054,2.88444101969049,66.1253046053626
"519",-4.744981,36.50673,3055,1.62788205964655,66.1250634376501
"520",-4.744993,36.506741,3059,4.55121961678562,66.123377800755
"521",-4.745104,36.506766,3069,3.78124024330412,66.1225375251453
"522",-4.74516,36.506775,3075,3.87928974027952,66.1216754607586
"523",-4.745215,36.506794,3081,1.99009894913591,66.1210120944422
"524",-4.745237,36.506833,3090,3.89770010583531,66.1194241425473
"525",-4.745329,36.506888,3101,5.88821028907924,66.1178975695094
"526",-4.745432,36.506891,3108,5.48128127775472,66.1172885382563
"527",-4.745471,36.506878,3111,6.05309838004042,66.1168401605985
"528",-4.745501,36.506874,3113,1.33998341616,66.1166912735523
"529",-4.745511,36.506873,3116,4.11220405886678,66.1144067157418
"530",-4.745639,36.506787,3131,4.93513480618907,66.11385836743
"531",-4.745676,36.506788,3134,7.35391052403464,66.1135860003735
"532",-4.745693,36.506795,3135,5.97029684736278,66.1129226340572
"533",-4.745732,36.506817,3138,2.72029410184001,66.1127211307903
"534",-4.745743,36.506825,3140,6.00053330961506,66.1116099209182
"535",-4.745818,36.506824,3145,5.49268604612795,66.1105927568356
"536",-4.745885,36.506809,3150,3.86005181304205,66.1100208973077
"537",-4.745916,36.506786,3154,4.97031186141028,66.1091004691852
"538",-4.745978,36.506782,3159,6.31268564085314,66.1081652564977
"539",-4.746041,36.506778,3163,3.30145298870896,66.1073093242414
"540",-4.746094,36.506755,3170,3.77123616620223,66.1068902980007
"541",-4.746122,36.506751,3173,0.421637021302373,66.1068434494428
"542",-4.746123,36.506748,3176,2.72029410184001,66.106641946176
"543",-4.746134,36.50674,3178,3.18465709558392,66.1058162943364
"544",-4.746189,36.506731,3185,3.47332693534803,66.1051730856446
"545",-4.746232,36.506737,3190,5.40832691314889,66.1043718520279
"546",-4.746286,36.50674,3194,5.74726988335356,66.1037332664853
"547",-4.746329,36.506737,3197,5.32081865053645,66.1025508623407
"548",-4.746406,36.506716,3203,4.56070170025505,66.1022130325851
"549",-4.746428,36.50671,3205,4.60000000011007,66.1018722918444
"550",-4.746451,36.50671,3207,5.50272659663457,66.1014646824669
"551",-4.746477,36.506701,3209,5.45287791454298,66.1000509733779
"552",-4.746572,36.50671,3216,4.80740170071255,66.0995168176334
"553",-4.746608,36.506712,3219,5.40872637390831,66.0977139088421
"554",-4.746729,36.506699,3228,4.16076915968276,66.0969433960347
"555",-4.746781,36.5067,3233,5.36003731312589,66.0961493164328
"556",-4.746833,36.506713,3237,7.07571896111873,66.0927424887848
"557",-4.747062,36.506734,3250,9.45998721056885,66.0895891597146
"558",-4.747258,36.506817,3259,8.44466676042401,66.0861487399234
"559",-4.747485,36.506866,3270,8.84257378319163,66.0841837235271
"560",-4.747617,36.506853,3276,7.87299180745853,66.0827257620813
"561",-4.747715,36.506862,3281,7.05135447975295,66.0814199556961
"562",-4.747795,36.506899,3286,6.57951365999266,66.0804452129317
"563",-4.747855,36.506926,3290,7.29580701493849,66.0790941375586
"564",-4.747946,36.50692,3295,9.76524449238026,66.0787324618366
"565",-4.74796,36.5069,3296,4.97817458721701,66.0781793313269
"566",-4.747965,36.506863,3299,4.95176736184051,66.0778125337446
"567",-4.747948,36.506845,3301,3.11638199435581,66.0761966319697
"568",-4.748057,36.506849,3315,4.11825205514157,66.0760441041158
"569",-4.748066,36.506854,3316,5.80880557670782,66.075398681274
"570",-4.748103,36.506877,3319,5.94642749791842,66.0751784432185
"571",-4.748117,36.506882,3320,5.48654920896435,66.0739592100609
"572",-4.748199,36.506889,3326,4.51220566905909,66.07295649769
"573",-4.748265,36.506904,3332,4.47213595499975,66.0719626897
"574",-4.748331,36.506916,3338,3.82831555652537,66.0712537423747
"575",-4.748378,36.506925,3343,3.20000000009202,66.0711352238562
"576",-4.748386,36.506925,3344,3.60555127548515,66.070868145984
"577",-4.748404,36.506924,3346,3.22490309915327,66.0702709417063
"578",-4.748441,36.506908,3351,3.39411254972771,66.0696424023453
"579",-4.748483,36.506914,3356,2.91585703048395,66.0689944341163
"580",-4.748526,36.506922,3362,5.01021179431281,66.0684377439169
"581",-4.74856,36.506906,3365,5.66610018944274,66.0665490438538
"582",-4.748597,36.506784,3374,5.76735641362227,66.0644129859228
"583",-4.748622,36.506642,3384,5.86365926684232,66.0626756053993
"584",-4.748614,36.506525,3392,6.21011719344364,66.0599155533133
"585",-4.748592,36.50634,3404,7.02750205429969,66.0570524969208
"586",-4.74857,36.506148,3415,7.49636949175798,66.0562195669773
"587",-4.748565,36.506092,3418,7.21770092286884,66.0532790221569
"588",-4.748619,36.505901,3429,6.66639455221697,66.0515506976433
"589",-4.748648,36.505788,3436,5.89558053316006,66.048712084794
"590",-4.748611,36.5056,3449,6.81269403401602,66.0461888647814
"591",-4.748639,36.505432,3459,5.87078493064151,66.0437970635134
"592",-4.748651,36.505271,3470,5.37690534689856,66.0426021956585
"593",-4.748675,36.505194,3476,5.30086535893725,66.0404425838456
"594",-4.748774,36.505087,3487,5.76888204079742,66.0387332854632
"595",-4.74887,36.505023,3495,6.67026985953076,66.0367569092085
"596",-4.748981,36.504949,3503,6.35295206984608,66.0348745530396
"597",-4.749093,36.504889,3511,6.64643874025659,66.0316744158684
"598",-4.749267,36.504761,3524,6.81105957579017,66.0283950168134
"599",-4.749449,36.504635,3537,6.81175454655079,66.028142729608
"600",-4.749462,36.504624,3538,7.48781930988722,66.0250921365558
"601",-4.749602,36.504473,3549,7.26927190628865,66.0221305813347
"602",-4.749691,36.504294,3560,7.67020208340511,66.0192897657483
"603",-4.749792,36.504131,3570,8.88044042967848,66.018303050145
"604",-4.749836,36.504081,3573,7.94863510296066,66.015359111218
"605",-4.749964,36.503929,3583,8.12157620180601,66.0147575129808
"606",-4.749996,36.503904,3585,6.6093316836562,66.0130439825443
"607",-4.750093,36.503841,3592,6.21382090570653,66.010512425879
"608",-4.750257,36.503793,3603,4.41322367548025,66.0090413513205
"609",-4.750355,36.503777,3612,0.894427191760466,66.0090082243875
"610",-4.750354,36.503775,3613,1.36727628678174,66.0077928676881
"611",-4.750413,36.503718,3637,3.67151195056327,66.0075209038399
"612",-4.750422,36.503702,3639,4.74557623762623,66.0059390450941
"613",-4.750323,36.503662,3648,9.50092912929272,66.0027720687176
"614",-4.750126,36.503579,3657,7.29197453119527,65.999801264279
"615",-4.75,36.503423,3668,7.19788857919317,65.99713537962
"616",-4.749941,36.503253,3678,7.85493475475379,65.9959716855823
"617",-4.7499,36.503186,3682,8.03990049690893,65.99329171875
"618",-4.749882,36.503006,3691,9.98354201231617,65.9910731538584
"619",-4.749867,36.502857,3697,9.48868800207647,65.9893159894136
"620",-4.749855,36.502739,3702,10.6459151885706,65.9865559373276
"621",-4.7498,36.502561,3709,10.9178752510608,65.9849384743275
"622",-4.749748,36.502465,3713,10.7170145099428,65.9829538420108
"623",-4.749673,36.502354,3718,9.96647441371953,65.9803699412369
"624",-4.749559,36.502222,3725,10.0277393044046,65.9781415547248
"625",-4.74944,36.50213,3731,9.17581361822698,65.9750829501854
"626",-4.749272,36.50201,3740,8.62844134249222,65.9738046625791
"627",-4.749226,36.501937,3744,7.5004526611888,65.971304511692
"628",-4.749138,36.501793,3753,7.86160289007145,65.9683928069179
"629",-4.749036,36.501625,3763,8.57554662981028,65.9658519042128
"630",-4.74889,36.501535,3771,6.65415492574117,65.9628945020236
"631",-4.748787,36.501364,3783,7.54930460390531,65.9600984632814
"632",-4.748745,36.50118,3793,7.8339772783145,65.9571969902154
"633",-4.748866,36.501026,3803,8.48714350883328,65.9543679423791
"634",-4.748951,36.500855,3812,8.34431868533102,65.9515865028173
"635",-4.748983,36.50067,3821,7.5667694560404,65.9487839956114
"636",-4.749004,36.500482,3831,7.92464510249084,65.9458489418697
"637",-4.749093,36.500305,3841,9.76524449238026,65.9454872661478
"638",-4.749107,36.500285,3842,9.17204555979249,65.9424299176278
"639",-4.749224,36.500115,3851,8.78528511594166,65.9395014892558
"640",-4.749312,36.499938,3860,8.28838246879586,65.9367386950996
"641",-4.749395,36.499771,3869,8.98888202227434,65.9364057735432
"642",-4.749407,36.499752,3870,8.54085316820939,65.9335588224871
"643",-4.749459,36.499567,3879,8.4917970586123,65.9307282234676
"644",-4.749454,36.499376,3888,8.6636712770243,65.9291238398978
"645",-4.749462,36.499268,3893,8.03990049658881,65.9285282917129
"646",-4.749466,36.499228,3895,8.92538514593247,65.9258837331511
"647",-4.749422,36.499055,3903,7.36817480800453,65.923700570245
"648",-4.749376,36.498915,3911,4.92258435503751,65.9224243446715
"649",-4.749381,36.498829,3918,3.6611585097361,65.9214751554282
"650",-4.749378,36.498765,3925,1.35347080961656,65.9188183423575
"651",-4.749297,36.498605,3978,1.63412365220928,65.9176684034911
"652",-4.749369,36.498576,3997,4.47213595527514,65.9175027688261
"653",-4.749371,36.498565,3998,1.26491106396329,65.9173153745944
"654",-4.749383,36.498561,4002,3.70465173091844,65.9169037466243
"655",-4.749397,36.498537,4005,4.46425805707001,65.9160770321693
"656",-4.74943,36.498492,4010,5.54411310140431,65.9138183194243
"657",-4.749508,36.498361,4021,5.90592922506325,65.9133808431854
"658",-4.749522,36.498335,4023,6.59399850824324,65.9116712880166
"659",-4.749572,36.498231,4030,8.68571428571028,65.9094194361648
"660",-4.749572,36.498079,4037,7.41484996481008,65.9083209398737
"661",-4.749559,36.498006,4041,7.76041235991182,65.9068838264737
"662",-4.749558,36.497909,4046,8.64612951286179,65.9049624643597
"663",-4.749514,36.497787,4052,8.60511475815129,65.9033689245897
"664",-4.749477,36.497686,4057,8.52349693489851,65.902106184303
"665",-4.749445,36.497607,4061,8.26505360605675,65.9002695057239
"666",-4.749418,36.497486,4067,9.03548559847775,65.8989309152649
"667",-4.74941,36.497396,4071,8.81308118645999,65.8972988631933
"668",-4.749404,36.497286,4076,9.10878696691532,65.8959494132723
"669",-4.7494,36.497195,4080,7.37631344221143,65.8948566260957
"670",-4.74942,36.497124,4084,9.08519675052532,65.893174182253
"671",-4.749444,36.497013,4089,9.56158982600504,65.8914035174704
"672",-4.749463,36.496895,4094,9.94635611680875,65.8899299832309
"673",-4.74948,36.496797,4098,10.1939589955335,65.8880422130465
"674",-4.749499,36.496671,4103,7.34302390008459,65.8866823938057
"675",-4.749511,36.49658,4108,9.76000000019475,65.8848749863983
"676",-4.749533,36.49646,4113,9.05293077180406,65.8838691052014
"677",-4.749544,36.496393,4116,8.54270318843789,65.8829199159583
"678",-4.749547,36.496329,4119,8.85663593071575,65.8816078217463
"679",-4.749557,36.496241,4123,8.50235261545444,65.8803482139514
"680",-4.749559,36.496156,4127,10.2675324306859,65.8792073770147
"681",-4.749558,36.496079,4130,9.43398113200826,65.8771109367631
"682",-4.74957,36.495938,4136,8.80327211888402,65.8754807011855
"683",-4.749573,36.495828,4141,7.70829279275018,65.8737677472316
"684",-4.749585,36.495713,4147,5.84427545165497,65.8724690193535
"685",-4.749616,36.495631,4153,6.36341584582211,65.8708192448749
"686",-4.749665,36.495531,4160,3.77359245316181,65.8706794821915
"687",-4.74967,36.495523,4161,9.99999999993406,65.8699387414507
"688",-4.749656,36.495475,4163,9.45568612003129,65.8685378990626
"689",-4.749685,36.495385,4167,9.92471662030236,65.8670675706744
"690",-4.749706,36.495288,4171,9.58801335022903,65.8656471242521
"691",-4.749733,36.495196,4175,8.80241154340746,65.8633650175557
"692",-4.749758,36.495044,4182,14.2555252445529,65.8612530878898
"693",-4.749779,36.494903,4186,10.802666337548,65.8592525941236
"694",-4.749776,36.494768,4191,8.89871900913677,65.857604683196
"695",-4.749734,36.494665,4196,9.53403260854828,65.8565453462395
"696",-4.749686,36.494612,4199,8.33546639328783,65.8553104623294
"697",-4.749614,36.49457,4203,10.5232018787763,65.8541412176762
"698",-4.749541,36.49454,4206,9.10771101874095,65.8524546045246
"699",-4.749436,36.494496,4211,9.91031785554202,65.8506193604772
"700",-4.749325,36.494441,4216,10.2623367495264,65.8494791008384
"701",-4.749255,36.494409,4219,10.2353114265262,65.8475836727965
"702",-4.749142,36.494349,4224,11.0170776523518,65.8455434732312
"703",-4.749024,36.494278,4229,8.45990543708972,65.8442901539072
"704",-4.748953,36.494232,4233,8.50411665037377,65.8439751866239
"705",-4.748937,36.494218,4234,8.10706139356151,65.8430744020246
"706",-4.748901,36.494169,4237,7.88923316915023,65.8427822082035
"707",-4.748891,36.494152,4238,6.4280634714789,65.8423060553538
"708",-4.748888,36.49412,4240,5.07367935792345,65.8417423132029
"709",-4.74889,36.494082,4243,8.72353139497345,65.8404499381814
"710",-4.748927,36.494003,4247,12.179490958416,65.8386455691505
"711",-4.748992,36.4939,4251,10.3942291675101,65.8371056833479
"712",-4.749044,36.49381,4255,8.79337573362615,65.8341745581034
"713",-4.74914,36.493637,4264,8.40437981051151,65.8310618248402
"714",-4.749275,36.493476,4274,5.77234787593916,65.8306342435161
"715",-4.749282,36.493448,4276,4.32666153126009,65.8303137500693
"716",-4.749294,36.49343,4278,5.12015624747811,65.8284173959036
"717",-4.74937,36.493327,4288,6.46219776768343,65.8281780552455
"718",-4.749376,36.493312,4289,4.93513480675858,65.8276297069337
"719",-4.749405,36.493289,4292,4.40201973835278,65.8271405936294
"720",-4.749438,36.493288,4295,4.21004090777092,65.8266728113063
"721",-4.749469,36.493294,4298,1.62175295421239,65.8260120971398
"722",-4.749511,36.493279,4309,4.50503991274582,65.8238430038485
"723",-4.749645,36.49322,4322,3.13049516822231,65.8236111153175
"724",-4.749659,36.493227,4324,1.81352940105254,65.8232081087839
"725",-4.749685,36.493219,4330,9.69703562974023,65.8203349130418
"726",-4.749762,36.493041,4338,7.88801622714366,65.8174134255502
"727",-4.74988,36.492883,4348,6.90507060053754,65.8163904521279
"728",-4.749892,36.492815,4352,8.39344982728114,65.8151469780795
"729",-4.749923,36.492737,4356,8.31576815420097,65.8136070210139
"730",-4.749909,36.492634,4361,6.61345429991686,65.8121373645028
"731",-4.749884,36.492538,4367,10.2391405892501,65.8113789096443
"732",-4.749873,36.492488,4369,8.55214592940009,65.8097951789166
"733",-4.749841,36.492386,4374,10.3760407779097,65.8086422854969
"734",-4.749807,36.492316,4377,8.59974159827084,65.8076867586526
"735",-4.749775,36.49226,4380,9.30853849403451,65.8066524765977
"736",-4.749732,36.492205,4383,10.0419121686578,65.8059086312519
"737",-4.749697,36.492169,4385,10.8853112035899,65.8042959925551
"738",-4.749612,36.492101,4389,10.6470653234267,65.8027186495442
"739",-4.749518,36.492051,4393,10.5569355822393,65.8015456567017
"740",-4.749448,36.492014,4396,10.4307238484017,65.8003866873852
"741",-4.749382,36.491972,4399,8.9308454243755,65.7990635991742
"742",-4.749308,36.491922,4403,9.70681318599706,65.7979850643758
"743",-4.749264,36.491864,4406,4.43713026621811,65.7953556538476
"744",-4.749315,36.491694,4422,17.9108905428897,65.7946922875312
"745",-4.749333,36.491653,4423,35.8217810832484,65.7920388222658
"746",-4.749405,36.491489,4425,9.5230247294774,65.7902752991678
"747",-4.749516,36.491446,4430,5.49181208771077,65.7898684982724
"748",-4.749539,36.491431,4432,1.70880074890734,65.7897419204391
"749",-4.749547,36.491428,4434,2.18302996651753,65.7879631552812
"750",-4.749487,36.491532,4456,8.56400308035365,65.7844741169892
"751",-4.749715,36.491473,4467,2.77848879757508,65.7842683030042
"752",-4.749722,36.491461,4469,2.92470321379165,65.7816685668142
"753",-4.749735,36.491286,4493,10.2391405892501,65.7809101119557
"754",-4.749746,36.491236,4495,7.81956520544065,65.7780139766945
"755",-4.749792,36.491046,4505,6.69890826176169,65.7752847918471
"756",-4.749801,36.490862,4516,6.72058635782521,65.7725467751828
"757",-4.749755,36.490683,4527,5.3814496177596,65.772347462234
"758",-4.749746,36.490673,4528,5.84389520037388,65.771698140545
"759",-4.749721,36.490637,4531,5.82408791150649,65.7712667266257
"760",-4.749713,36.490609,4533,5.28814187086132,65.7706791553067
"761",-4.749691,36.490576,4536,3.03607934313524,65.7700044710082
"762",-4.749684,36.490531,4542,2.38537208853373,65.7696510825506
"763",-4.749664,36.490544,4546,2.43310501193373,65.7695609675502
"764",-4.749658,36.490543,4547,0.956928419487903,65.7686749227173
"765",-4.749637,36.490487,4572,1.61447743737996,65.7675388089651
"766",-4.749621,36.490562,4591,5.86941223684944,65.7666692664115
"767",-4.749644,36.490616,4595,6.46701030000495,65.7637950396115
"768",-4.749762,36.49077,4607,6.32455532035947,65.7630923112426
"769",-4.749777,36.490815,4610,6.51289319564572,65.762368656443
"770",-4.749758,36.49086,4613,7.06213275211491,65.7594914912477
"771",-4.749749,36.491054,4624,5.64623768513567,65.7590732514192
"772",-4.749738,36.49108,4626,5.10337578958632,65.7585062096648
"773",-4.749759,36.491112,4629,6.59696900048863,65.7580175452944
"774",-4.749751,36.491144,4631,6.95402042015435,65.7567297637351
"775",-4.749717,36.491224,4636,5.80503759993694,65.7539347456315
"776",-4.74968,36.491409,4649,6.0926184847497,65.753709093095
"777",-4.749686,36.491423,4650,6.92584629773863,65.7519135033141
"778",-4.749787,36.49149,4657,5.51724568978719,65.7515048184482
"779",-4.749807,36.491509,4659,5.60057139937147,65.7504676755965
"780",-4.749833,36.491574,4664,4.56070170069128,65.7502987607186
"781",-4.749836,36.491585,4665,4.59178009534677,65.7497885629303
"782",-4.749851,36.491616,4668,4.23530137986756,65.7493179738881
"783",-4.749866,36.491644,4671,3.04630924230488,65.7492051476198
"784",-4.749873,36.491647,4672,2.96984848077058,65.7487651700671
"785",-4.749894,36.491668,4676,3.76547014755097,65.7475100133513
"786",-4.749977,36.491685,4685,4.01208052303209,65.7461726531769
"787",-4.750067,36.491692,4694,3.29848450055308,65.7458061548991
"788",-4.750091,36.491686,4697,6.66166479027059,65.7443257849457
"789",-4.750188,36.491662,4703,7.30547739708039,65.743243491998
"790",-4.750257,36.491638,4707,7.21110255144326,65.7429764141257
"791",-4.750272,36.491628,4708,6.38799895204945,65.7413202662492
"792",-4.750376,36.491587,4715,5.60802995720309,65.7404894469963
"793",-4.750419,36.491551,4719,7.00925102983799,65.7378934280964
"794",-4.75041,36.491376,4729,6.6366825716386,65.7349437913979
"795",-4.750445,36.49118,4741,7.29931503521712,65.7346734463966
"796",-4.750448,36.491162,4742,6.98289455241982,65.7328630663274
"797",-4.750455,36.49104,4749,8.04128237426971,65.7310761146887
"798",-4.75048,36.490922,4755,7.76890715387431,65.7290619535747
"799",-4.75054,36.4908,4762,8.65390085425455,65.7277798941889
"800",-4.750573,36.49072,4766,8.02939045730269,65.7259955851984
"801",-4.750632,36.490615,4772,7.51206437073739,65.7243262375604
"802",-4.750691,36.490519,4778,8.17146253741921,65.721299769954
"803",-4.750793,36.490342,4788,7.07672240490571,65.7207755682944
"804",-4.750817,36.490316,4790,8.25484100383338,65.7177182197745
"805",-4.750934,36.490146,4800,12.249514775956,65.7145424196473
"806",-4.751122,36.490043,4807,12.815615474992,65.7135931147973
"807",-4.751181,36.490018,4809,11.0276924150398,65.7103256503781
"808",-4.751371,36.489906,4817,11.5394973895026,65.7094708727937
"809",-4.751423,36.489881,4819,11.2160599142161,65.7061475957821
"810",-4.751615,36.489765,4827,8.20731381135649,65.7058436211965
"811",-4.75163,36.489751,4828,10.3879930687496,65.7039199187763
"812",-4.751736,36.489676,4833,11.32092157501,65.7009848650346
"813",-4.751913,36.489587,4840,9.91708838201234,65.6976791689073
"814",-4.752103,36.48947,4849,6.93621734880166,65.6945964056412
"815",-4.752273,36.48935,4861,5.09901951361225,65.6930855850446
"816",-4.752341,36.489274,4869,6.03692342544488,65.6924148157751
"817",-4.752336,36.489229,4872,7.75492674941766,65.6889681816642
"818",-4.752125,36.489131,4884,10.1917419972407,65.6855709343318
"819",-4.751906,36.489063,4893,9.53796624023819,65.6820383542428
"820",-4.751679,36.48899,4903,9.11087262566071,65.678663956974
"821",-4.751461,36.488924,4913,8.58733951807207,65.6754834608563
"822",-4.751281,36.488807,4923,7.5186434947324,65.6743695877459
"823",-4.751208,36.488789,4927,8.05536398201302,65.6734745473035
"824",-4.751153,36.488764,4930,6.22253967480896,65.6732440828711
"825",-4.751142,36.488753,4931,6.61723167974259,65.6715285042874
"826",-4.751049,36.488684,4938,6.08239718824765,65.6708526823776
"827",-4.751008,36.488664,4941,6.45368112012081,65.6689404805643
"828",-4.75091,36.48858,4949,2.46981780676879,65.6685745816299
"829",-4.750897,36.488559,4953,5.01597448161495,65.6682030279646
"830",-4.750922,36.488557,4955,6.89637586004365,65.6676921853083
"831",-4.750955,36.488567,4957,8.17829104685546,65.6658747872979
"832",-4.751048,36.488487,4963,7.02456008899011,65.6627527605917
"833",-4.751199,36.48834,4975,6.70482742092076,65.660021164235
"834",-4.751373,36.488279,4986,9.99512381103823,65.6570596460688
"835",-4.751417,36.488084,4994,8.38210910734795,65.6542656096997
"836",-4.751402,36.487896,5003,8.12709050035285,65.651255576181
"837",-4.751318,36.487711,5013,8.76976624547967,65.6480075146086
"838",-4.75116,36.487559,5023,8.78771870270285,65.644752803978
"839",-4.750971,36.487447,5033,13.4134261096007,65.6437592168588
"840",-4.750904,36.487444,5035,11.9224158625986,65.6415513620694
"841",-4.750755,36.487447,5040,8.37215989006794,65.6393808020979
"842",-4.75061,36.487426,5047,8.9200896856507,65.6360770651773
"843",-4.750387,36.487425,5057,9.59533219851526,65.6325232384371
"844",-4.750149,36.487395,5067,8.55818321851168,65.6299874804464
"845",-4.749985,36.487444,5075,6.37981510830521,65.626679428168
"846",-4.749763,36.487468,5089,3.77359245293586,65.6265396654846
"847",-4.749755,36.487463,5090,3.4058772732754,65.6262873782792
"848",-4.749738,36.487462,5092,5.23885059486067,65.623959000237
"849",-4.749583,36.487436,5104,6.79427863893454,65.6209393208419
"850",-4.749422,36.487311,5116,10.2805101473103,65.6175124841262
"851",-4.749194,36.487272,5125,9.41148234866353,65.6140267499229
"852",-4.74897,36.4872,5135,9.2086915463982,65.6136856872731
"853",-4.748947,36.487201,5136,6.64830805548543,65.6127007527463
"854",-4.748881,36.487209,5140,6.63090407775582,65.6112272185068
"855",-4.748783,36.487192,5146,8.92860571425033,65.6105658403058
"856",-4.74874,36.48718,5148,8.48528137431928,65.6074231435005
"857",-4.748554,36.487078,5158,7.5865143511457,65.6060182334354
"858",-4.748462,36.487055,5163,10.673331251568,65.6052276163057
"859",-4.74841,36.487067,5165,8.43413859711217,65.6030409877805
"860",-4.748277,36.487131,5172,0.565685424274664,65.6029990851565
"861",-4.748275,36.487129,5174,6.64554477127094,65.6012761661417
"862",-4.748161,36.487106,5181,8.81206559203549,65.5986651837441
"863",-4.747992,36.487056,5189,8.31918799448311,65.5977408295225
"864",-4.74793,36.487063,5192,10.8899772698799,65.5941108370992
"865",-4.747691,36.487009,5201,11.6726175298932,65.5923815604281
"866",-4.747575,36.486996,5205,10.8725501000934,65.5887573770614
"867",-4.747334,36.486954,5214,10.3607998165744,65.5853037771225
"868",-4.747104,36.486916,5223,8.09660677827008,65.5820051595462
"869",-4.746894,36.486842,5234,8.66666666677947,65.5810421965832
"870",-4.746838,36.486809,5237,9.0814095822037,65.5776787115528
"871",-4.74663,36.486718,5247,9.84200182893084,65.5747625628627
"872",-4.746441,36.486663,5255,9.56640211268992,65.5715737621585
"873",-4.74624,36.486586,5264,7.91508654667693,65.5683490972691
"874",-4.746023,36.486603,5275,8.01494471865459,65.5650837494208
"875",-4.745814,36.486673,5286,7.24430811056131,65.5645471340052
"876",-4.745778,36.486677,5288,6.2801273872723,65.5640819393839
"877",-4.745747,36.486682,5290,7.91201617797374,65.5634958641115
"878",-4.745709,36.486693,5292,10.1603149557456,65.5616143243049
"879",-4.745582,36.486694,5297,8.73155198125233,65.5603207610484
"880",-4.7455,36.486664,5301,9.50031578419754,65.5568021255727
"881",-4.745271,36.486601,5311,8.0498447186945,65.5565039831757
"882",-4.745253,36.486592,5312,9.97953461394944,65.5531774716378
"883",-4.745046,36.486505,5321,8.84569952013381,65.5499012866303
"884",-4.744844,36.486415,5331,9.05467834881604,65.5465477020567
"885",-4.744623,36.486366,5341,6.79869268463286,65.5450368814601
"886",-4.744531,36.486322,5347,5.82408791116489,65.5448211745004
"887",-4.744517,36.486326,5348,9.50157881658406,65.5441173538474
"888",-4.744476,36.48635,5350,4.83735464876295,65.5434007087142
"889",-4.744434,36.486374,5354,4.33202259379325,65.5405126936517
"890",-4.744243,36.486413,5372,3.98120584751332,65.5399228853779
"891",-4.744204,36.486405,5376,8.26451584933732,65.5390046058391
"892",-4.744145,36.486424,5379,6.76017751250192,65.5380030980595
"893",-4.744086,36.486457,5383,8.47584803975877,65.5376891777617
"894",-4.744066,36.486464,5384,6.48345586864057,65.5364885377861
"895",-4.743988,36.486486,5389,6.3027330932012,65.535087930432
"896",-4.743895,36.486503,5395,5.22897908029931,65.5339259350808
"897",-4.743821,36.486529,5401,8.30254367080085,65.530543417289
"898",-4.743604,36.4866,5412,8.00562302392964,65.5293573990633
"899",-4.743529,36.486628,5416,9.16127113906451,65.5283394800478
"900",-4.743465,36.486653,5419,9.17056159675067,65.5249429757527
"901",-4.743236,36.486642,5429,9.33434518322402,65.5235601097996
"902",-4.743143,36.486634,5433,8.25486583277897,65.5201970163122
"903",-4.742916,36.486636,5444,7.9526599324057,65.5187243015099
"904",-4.742817,36.486627,5449,8.48000000001024,65.5155835607692
"905",-4.742637,36.486739,5459,8.41218164325961,65.5124679379384
"906",-4.742525,36.486917,5469,7.80811190816414,65.5092868553091
"907",-4.74234,36.487026,5480,6.9570108524441,65.5087715211719
"908",-4.742307,36.487037,5482,9.27793080381399,65.5053352505038
"909",-4.742077,36.487007,5492,9.89820185689287,65.5016692498161
"910",-4.74183,36.486992,5502,13.6235090931016,65.5011646754052
"911",-4.741804,36.48697,5503,8.55102333072103,65.5005312662696
"912",-4.741762,36.486962,5505,8.65332306064803,65.4998902793762
"913",-4.741726,36.486938,5507,9.48683298085377,65.4991875510073
"914",-4.741687,36.486911,5509,6.09015599150216,65.4982853056752
"915",-4.741634,36.486881,5513,6.35609943314101,65.497814483495
"916",-4.741603,36.486888,5515,7.51531769130848,65.4975361383953
"917",-4.741586,36.48688,5516,13.0245921240908,65.4956065691917
"918",-4.741456,36.486872,5520,7.96994353795222,65.4950162030037
"919",-4.741418,36.48686,5522,8.50934127226162,65.4931252382765
"920",-4.741314,36.486786,5528,7.84091831352377,65.4925444295126
"921",-4.74129,36.486755,5530,11.4674418342804,65.4912702693088
"922",-4.741211,36.486721,5533,9.10068129319337,65.4878996466076
"923",-4.740991,36.486663,5543,9.11526192715918,65.4845236236716
"924",-4.740778,36.486582,5553,10.5683489722219,65.4829579423424
"925",-4.740673,36.48657,5557,9.36418709769632,65.4794897248988
"926",-4.740442,36.486532,5567,11.8118584482497,65.4786147724211
"927",-4.74039,36.486504,5569,10.2667628662862,65.4751925181324
"928",-4.740159,36.486503,5578,10.9850628099302,65.4715308305291
"929",-4.739912,36.486512,5587,9.82312715794177,65.4682564548097
"930",-4.739691,36.486509,5596,8.00111103390551,65.4673674424726
"931",-4.739631,36.48651,5599,8.78589779134894,65.4641134062536
"932",-4.739414,36.486476,5609,10.5434550526608,65.4629419112478
"933",-4.739337,36.486458,5612,10.8118453558467,65.4609397176634
"934",-4.739204,36.486434,5617,9.43324559473612,65.4584940613981
"935",-4.739048,36.48638,5624,11.0112669569908,65.4564549378875
"936",-4.738916,36.486341,5629,11.5531621453033,65.4551712532047
"937",-4.738834,36.486313,5632,11.0819673343883,65.4518877073279
"938",-4.738616,36.486273,5640,7.64231640277957,65.4496233172826
"939",-4.738475,36.486214,5648,6.8029405406732,65.4491193957611
"940",-4.738444,36.4862,5650,8.4408530374672,65.4459931538953
"941",-4.738233,36.486197,5660,9.46321826864117,65.4431892373713
"942",-4.738044,36.486207,5668,8.26075057134355,65.4425773299216
"943",-4.738003,36.486212,5670,7.44311762627573,65.4420259878752
"944",-4.737966,36.486216,5672,11.0298360799875,65.4383493758485
"945",-4.737724,36.486271,5681,11.5577775641799,65.4370651783414
"946",-4.737639,36.486288,5684,8.36495666453964,65.434586672663
"947",-4.737472,36.486278,5692,6.91158447830983,65.4335627342218
"948",-4.737403,36.486274,5696,9.44076268100132,65.430066155451
"949",-4.737175,36.486335,5706,10.2588714995637,65.4266465316178
"950",-4.736947,36.486371,5715,8.73613186696693,65.4259994107388
"951",-4.736905,36.486383,5717,9.86806796858477,65.4227100547493
"952",-4.736688,36.48643,5726,9.00888450367696,65.4220427299712
"953",-4.736643,36.486432,5728,8.65622596365111,65.4185161193934
"954",-4.736414,36.486497,5739,10.7927730735257,65.4149185283689
"955",-4.736175,36.48654,5748,10.0079968025317,65.4138065287242
"956",-4.7361,36.486543,5751,9.85123919011372,65.4105227823275
"957",-4.735879,36.486526,5760,5.85969282480995,65.4094376540266
"958",-4.735808,36.486544,5765,6.52047108799049,65.407264163664
"959",-4.735678,36.486612,5774,1.7204650539794,65.4071367218081
"960",-4.735673,36.486605,5776,4.52216762190839,65.4064667710493
"961",-4.73563,36.486591,5780,5.69209978853698,65.4060451340279
"962",-4.735603,36.4866,5782,7.95025349357538,65.4039839571963
"963",-4.735464,36.486606,5789,13.2544332206762,65.4034930522622
"964",-4.735431,36.486603,5790,8.84712410552171,65.4005440108937
"965",-4.735236,36.486643,5799,7.86355870804568,65.398796553403
"966",-4.735124,36.48668,5805,9.32213614049037,65.396724967594
"967",-4.734987,36.486708,5811,6.3444857947456,65.3948451199511
"968",-4.734861,36.486693,5819,7.10211236179562,65.3937929551568
"969",-4.734791,36.486705,5823,8.89319850178814,65.3914873111007
"970",-4.734636,36.486719,5830,10.12884988539,65.3877358852173
"971",-4.734391,36.486655,5840,7.0767224051015,65.386687481898
"972",-4.734339,36.486607,5844,11.8186293619315,65.3862497548846
"973",-4.734312,36.486595,5845,8.76976624554578,65.3846257240984
"974",-4.734223,36.486531,5850,6.74621412032184,65.3818772664938
"975",-4.734156,36.486358,5861,8.53749898369737,65.3809286554956
"976",-4.734106,36.486318,5864,17.7338345793714,65.3789582294312
"977",-4.733973,36.486317,5867,14.4499134945053,65.3768175015061
"978",-4.733829,36.486329,5871,12.5500996012216,65.3730989534761
"979",-4.733578,36.48633,5879,10.534833460893,65.3695873423225
"980",-4.733341,36.486334,5888,9.71967077630977,65.3659874642572
"981",-4.733103,36.486383,5898,10.0680156074842,65.3626314590547
"982",-4.732883,36.486437,5907,9.63609879568443,65.3590625335748
"983",-4.732648,36.48649,5917,10.7119409543905,65.35549188659
"984",-4.732421,36.486571,5926,8.85663593027345,65.3522116510603
"985",-4.732225,36.486674,5936,5.3096139218619,65.3512283892229
"986",-4.732159,36.486681,5941,0.400000000055911,65.3512135744081
"987",-4.732158,36.486681,5942,2.37601180530097,65.350421570473
"988",-4.732105,36.486688,5951,6.72764628154988,65.34693316129
"989",-4.731872,36.486722,5965,9.20217365626683,65.3435249488247
"990",-4.731646,36.486765,5975,9.00568709207711,65.340189509161
"991",-4.731429,36.486825,5985,9.429909861652,65.336696949953
"992",-4.7312,36.486881,5995,9.87437136614676,65.3334054928309
"993",-4.730985,36.486937,6004,10.3589884630186,65.3299524966766
"994",-4.730759,36.486994,6013,8.58990374106395,65.3264529062635
"995",-4.730524,36.487018,6024,5.61805126355943,65.3231236906999
"996",-4.730308,36.48708,6040,4.95590432263546,65.3214717225924
"997",-4.730211,36.487135,6049,4.25205832545426,65.3213142389507
"998",-4.730204,36.487143,6050,4.34165866891092,65.320671030259
"999",-4.73017,36.48717,6054,3.22490309946173,65.320432148548
"1000",-4.730156,36.487178,6056,2.60215295467803,65.3199502683712
"1001",-4.730133,36.487201,6061,3.51654334511063,65.3172151791027
"1002",-4.730061,36.487371,6082,6.16116871984046,65.3163024133665
"1003",-4.730025,36.487421,6086,3.99999999984857,65.3160061170702
"1004",-4.730025,36.487441,6088,6.53069674707755,65.3131035851826
"1005",-4.730064,36.487633,6100,7.64764015885293,65.3102711258645
"1006",-4.730141,36.487808,6110,9.1285267158875,65.3089187515362
"1007",-4.730203,36.487875,6114,9.05096679882004,65.307577867566
"1008",-4.730267,36.487939,6118,8.09009270661971,65.3045815369339
"1009",-4.730392,36.488098,6128,5.93483127152922,65.3019438341466
"1010",-4.730396,36.488276,6140,14.6139963351772,65.2986962794054
"1011",-4.730254,36.488443,6146,0,65.2986962794054
"1012",-4.730254,36.488443,6157,34.3071097269212,65.2948843783247
"1013",-4.730377,36.488669,6160,10.4479663086087,65.2941104548944
"1014",-4.730372,36.488721,6162,6.22896460142469,65.2936490501091
"1015",-4.730395,36.488742,6164,3.29848450009352,65.2935268840165
"1016",-4.730403,36.488744,6165,4.33692159179996,65.2930450038397
"1017",-4.730426,36.488767,6168,2.80000000003611,65.292941300136
"1018",-4.730433,36.488767,6169,3.36518119008231,65.2925673911148
"1019",-4.730447,36.488788,6172,5.76888204095754,65.292353728817
"1020",-4.730459,36.488796,6173,4.40454310908749,65.2920274663645
"1021",-4.730473,36.488813,6175,1.8384776312792,65.291755099308
"1022",-4.730486,36.488826,6179,2.05182845270926,65.2914511247224
"1023",-4.7305,36.488841,6183,3.02839891684177,65.2908903101082
"1024",-4.730508,36.488878,6188,5.54436651057488,65.290068922477
"1025",-4.730501,36.488933,6192,5.0596442555723,65.2896941340136
"1026",-4.730493,36.488957,6194,7.54247233253844,65.2888560815322
"1027",-4.730453,36.488997,6197,7.23724932400908,65.2872478039047
"1028",-4.73036,36.489053,6203,4.2936645836424,65.286770730062
"1029",-4.730334,36.489072,6206,3.5577770837495,65.2863754214972
"1030",-4.730308,36.489078,6209,3.54275473475221,65.2859817820822
"1031",-4.730283,36.489069,6212,3.82099463494986,65.2856987454426
"1032",-4.730264,36.489071,6214,4.18675159136401,65.2852335508213
"1033",-4.730233,36.489076,6217,5.66137792439045,65.284185147502
"1034",-4.730185,36.489128,6222,6.76756972633422,65.2831825445796
"1035",-4.730147,36.489184,6226,5.69488507130399,65.2804405628786
"1036",-4.730127,36.489368,6239,5.96147632713468,65.2793365857809
"1037",-4.730079,36.489425,6244,5.66038867983687,65.2789172977306
"1038",-4.730064,36.489449,6246,6.74337140094879,65.2761699982709
"1039",-4.730034,36.489632,6257,6.23760994118877,65.273397727186
"1040",-4.73011,36.489803,6269,5.19999999927843,65.2732051345934
"1041",-4.730115,36.489815,6270,6.93745374501357,65.2703787645491
"1042",-4.730181,36.489994,6281,7.70703574649748,65.2675243068652
"1043",-4.730213,36.490184,6291,6.80294054056353,65.2670203853437
"1044",-4.730212,36.490218,6293,6.17746801790094,65.2642748440024
"1045",-4.730164,36.490397,6305,7.3997989697899,65.2612601110888
"1046",-4.730075,36.49058,6316,6.45135644607104,65.2603043545783
"1047",-4.730054,36.490641,6320,7.08937232776748,65.2589915078509
"1048",-4.729987,36.490699,6325,13.0751673029113,65.2580229769396
"1049",-4.729922,36.490692,6327,7.5709972923156,65.2574621623254
"1050",-4.729885,36.490684,6329,7.45546779220462,65.2560815201416
"1051",-4.729792,36.49069,6334,7.26704891971307,65.2539283204617
"1052",-4.72971,36.49081,6342,7.87603961375751,65.2510112687529
"1053",-4.729749,36.491003,6352,7.62364742172981,65.2504465541291
"1054",-4.729752,36.491041,6354,6.65924920697067,65.2492133598315
"1055",-4.729712,36.491114,6359,7.06823881863572,65.2486897865857
"1056",-4.72968,36.491129,6361,6.57133167630048,65.2462559600389
"1057",-4.729522,36.491174,6371,7.85875308191357,65.2459648951099
"1058",-4.729503,36.491179,6372,8.62371121164905,65.243090324706
"1059",-4.72931,36.491199,6381,4.7707441766281,65.2427369362485
"1060",-4.729297,36.491219,6383,3.59999999943739,65.2424702695819
"1061",-4.729297,36.491237,6385,5.90931468159704,65.2420325425684
"1062",-4.729285,36.491264,6387,6.27658789108173,65.2392429479502
"1063",-4.729245,36.491448,6399,4.94772674996795,65.2390596988113
"1064",-4.729242,36.49146,6400,3.6098630325593,65.2386586029188
"1065",-4.729244,36.491487,6403,5.59682449689401,65.2380367335303
"1066",-4.729253,36.491528,6406,6.61983551285067,65.237301196251
"1067",-4.729261,36.491577,6409,4.63896540164201,65.2369575691843
"1068",-4.729264,36.4916,6411,5.43999999990774,65.2359501617769
"1069",-4.729264,36.491668,6416,6.56158856112699,65.2330339001941
"1070",-4.729339,36.49185,6428,6.12474489252562,65.2312191609667
"1071",-4.729328,36.491972,6436,6.47186217436166,65.2293015721743
"1072",-4.729353,36.492099,6444,4.98381380071776,65.2283786436927
"1073",-4.729373,36.492158,6449,3.39999999994234,65.2281267918409
"1074",-4.729373,36.492175,6451,4.56280615396841,65.2272818277383
"1075",-4.729375,36.492232,6456,7.5601058193071,65.2244817885459
"1076",-4.729474,36.492393,6466,6.26099033688949,65.223322345891
"1077",-4.729544,36.492428,6471,5.6603886798557,65.2229030578406
"1078",-4.729568,36.492443,6473,6.88831538850015,65.2221376894641
"1079",-4.729581,36.492493,6476,8.06225774819251,65.2191516680759
"1080",-4.729721,36.492638,6486,5.09901951378296,65.2187739629267
"1081",-4.729726,36.492663,6488,6.05309837925394,65.2185497740978
"1082",-4.729724,36.492678,6489,5.78019471026068,65.2157667173855
"1083",-4.729667,36.492857,6502,4.83321838915489,65.2148716769431
"1084",-4.729642,36.492912,6507,5.61426753912329,65.2146637411083
"1085",-4.729641,36.492926,6508,4.78016736153576,65.2139555681658
"1086",-4.729628,36.492972,6512,7.64198926988113,65.2133894948866
"1087",-4.729602,36.493,6514,5.6229687688197,65.2121399462713
"1088",-4.729587,36.493083,6520,5.8727241458264,65.2114874213662
"1089",-4.729585,36.493127,6523,6.10832259601174,65.2094513138342
"1090",-4.72967,36.493235,6532,7.85875308153383,65.2085781190473
"1091",-4.729685,36.493292,6535,6.47883543898975,65.2064185072343
"1092",-4.729648,36.493433,6544,4.91369966971927,65.2042346407145
"1093",-4.729691,36.493574,6556,5.17472489850938,65.2030847018481
"1094",-4.72972,36.493646,6562,6.82422156739537,65.2020737060604
"1095",-4.729681,36.493702,6566,4.54116969750581,65.2015691316495
"1096",-4.729679,36.493736,6569,4.36755716113032,65.2010838475205
"1097",-4.729651,36.493753,6572,6.0133185512444,65.2008611320186
"1098",-4.729636,36.493754,6573,5.64358042380465,65.2000250460299
"1099",-4.729587,36.493782,6577,4.04969134566259,65.1997250688932
"1100",-4.72957,36.493793,6579,0.565685425153916,65.1996831662691
"1101",-4.729568,36.493795,6581,0.565685425153916,65.199641263645
"1102",-4.72957,36.493797,6583,4.0617456564998,65.1991899585721
"1103",-4.729558,36.493825,6586,4.23739962162449,65.1987191363919
"1104",-4.729545,36.493854,6589,3.41760149860472,65.1985925585586
"1105",-4.729548,36.493862,6590,2.63058928810944,65.1983977000928
"1106",-4.72955,36.493875,6592,2.15406592071392,65.1983179198735
"1107",-4.729548,36.49388,6593,2.26274170111809,65.1982341146254
"1108",-4.729544,36.493884,6594,3.55803201731554,65.1973116618801
"1109",-4.729513,36.493938,6601,5.84123274639269,65.196878977973
"1110",-4.729495,36.493961,6603,5.17773009090849,65.1963036746296
"1111",-4.729473,36.493993,6606,3.18049611768753,65.195950286172
"1112",-4.72946,36.494013,6609,3.57770876314925,65.1956852707081
"1113",-4.729452,36.494029,6611,2.91204395714405,65.1955774172282
"1114",-4.72945,36.494036,6612,3.52952130752367,65.1941394641029
"1115",-4.729405,36.494122,6623,3.93954312152161,65.1938476460939
"1116",-4.729397,36.49414,6625,5.03205723341485,65.1919839211927
"1117",-4.729448,36.494255,6635,4.38634243963873,65.1916590069379
"1118",-4.729464,36.49427,6637,1.78885438097882,65.1915927530719
"1119",-4.729466,36.494274,6638,0.700000000364298,65.1914890493681
"1120",-4.729466,36.494281,6642,4.30916336291272,65.1905314575097
"1121",-4.729519,36.494244,6648,8.81866707000212,65.1885717537164
"1122",-4.729602,36.494141,6654,9.79489663019907,65.1871206579193
"1123",-4.729677,36.494078,6658,8.18420579490124,65.1849988267873
"1124",-4.72979,36.49399,6665,7.86158027640775,65.1832518089481
"1125",-4.729865,36.493899,6671,9.44504573260394,65.1811529098964
"1126",-4.729959,36.493793,6677,7.93745551164374,65.1782131115587
"1127",-4.730075,36.493632,6687,9.03548559813566,65.1775438163293
"1128",-4.730096,36.493592,6689,6.42619638657493,65.1751637435935
"1129",-4.730145,36.493439,6699,9.74063652952805,65.1748029792776
"1130",-4.730168,36.493447,6700,3.93954312078213,65.1745111612686
"1131",-4.730186,36.493439,6702,6.12209114653054,65.1740576730356
"1132",-4.730205,36.493415,6704,6.70298441008548,65.1730646383081
"1133",-4.730207,36.493348,6708,5.2801515122758,65.1726735159739
"1134",-4.730218,36.493324,6710,4.66904701236542,65.1723276606396
"1135",-4.730235,36.493308,6712,4.18675159147715,65.1718624660184
"1136",-4.73024,36.493277,6715,6.8468971073065,65.1716088772366
"1137",-4.730242,36.49326,6716,6.11202094253023,65.1704770215065
"1138",-4.730288,36.493199,6721,4.44184646283758,65.1698189701787
